{"stat.useItem.minecraft.air":5,"stat.walkOneCm":74054,"stat.pickup.minecraft.bone":9,"stat.mineBlock.ferdinandsflowers.block_cff_dark":1,"stat.pickup.primal.pelt_wolf":6,"stat.pickup.minecraft.stick":29,"stat.leaveGame":1,"stat.pickup.minecraft.gravel":2,"stat.useItem.primal.animal_fat":5,"stat.mineBlock.minecraft.cobblestone":2,"stat.pickup.minecraft.stone_pickaxe":1,"stat.useItem.minecraft.cobblestone":1,"stat.pickup.minecraft.stone_axe":1,"stat.mineBlock.ferdinandsflowers.block_cff_flowersd":1,"stat.pickup.rustic.sapling":5,"stat.useItem.minecraft.porkchop":1,"stat.useItem.rustic.log":9,"stat.mineBlock.rustic.leaves":54,"stat.pickup.rustic.planks":5,"stat.mineBlock.horsepower.chopping_block":1,"stat.drop.death_compass.death_compass":1,"stat.swimOneCm":9237,"stat.jump":438,"stat.pickup.primal.flint_pickaxe":1,"stat.fallOneCm":9173,"stat.pickup.primal.pelt_sheep":1,"stat.craftItem.primal_tech.work_stump":1,"stat.useItem.minecraft.stone_axe":1,"stat.pickup.minecraft.porkchop":1,"stat.pickup.ferdinandsflowers.block_cff_dark":1,"stat.crouchOneCm":5110,"stat.pickup.minecraft.spider_eye":1,"stat.sprintOneCm":27213,"stat.useItem.primal.flint_hatchet":92,"stat.pickup.minecraft.rotten_flesh":8,"stat.pickup.betterwithaddons.wool":1,"stat.pickup.minecraft.sand":1,"stat.pickup.rustic.log":28,"stat.pickup.primal.plant_fiber":22,"stat.useItem.primal.flint_pickaxe":17,"stat.drop.primal.flint_hatchet":1,"stat.damageTaken":255,"stat.killEntity.Spider":2,"stat.pickup.primal.flint_knapp":1,"stat.mobKills":7,"stat.pickup.minecraft.cobblestone":17,"stat.mineBlock.minecraft.log":1,"stat.pickup.primal_tech.work_stump":1,"stat.flyOneCm":63233,"stat.deaths":1,"stat.pickup.primal.wolf_head_item":5,"stat.pickup.minecraft.wheat_seeds":2,"stat.drop":2,"stat.mineBlock.minecraft.leaves":2,"stat.mineBlock.minecraft.sand":1,"stat.pickup.horsepower.chopping_block":1,"stat.playOneMinute":29908,"stat.mineBlock.rustic.log":28,"stat.mineBlock.minecraft.gravel":1,"stat.pickup.rustic.slate":2,"stat.killEntity.Sheep":1,"stat.sneakTime":1454,"stat.mineBlock.primal_tech.work_stump":1,"stat.pickup.primal.wolf_meat_raw":16,"stat.damageDealt":1080,"stat.pickup.primal.sharp_bone":1,"stat.mineBlock.minecraft.bone_block":1,"stat.killEntity.Zombie":2,"stat.timeSinceDeath":365,"stat.pickup.primal.animal_fat":5,"stat.pickup.ferdinandsflowers.block_cff_flowersd":1,"stat.craftItem.horsepower.chopping_block":2,"stat.killEntity.Pig":1,"stat.pickup.rustic.ironberries":5,"stat.mineBlock.minecraft.stone":16,"stat.mineBlock.minecraft.tallgrass":30,"stat.diveOneCm":8075,"stat.pickup.primal.flint_hatchet":4,"stat.pickup.minecraft.mutton":1}