{"stat.pickup.minecraft.bone":8,"stat.useItem.minecraft.fish":1,"stat.pickup.primal.pelt_wolf":5,"stat.pickup.minecraft.gravel":55,"stat.pickup.minecraft.stone_pickaxe":2,"stat.pickup.minecraft.stone_axe":2,"stat.useItem.rustic.ironberries":1,"stat.useItem.minecraft.apple":2,"stat.craftItem.minecraft.flint":53,"stat.craftItem.pickletweaks.grass_mesh":1,"stat.useItem.minecraft.porkchop":2,"stat.mineBlock.rustic.slate":2,"stat.useItem.minecraft.rotten_flesh":1,"stat.mineBlock.horsepower.chopping_block":3,"stat.useItem.minecraft.mutton":2,"stat.craftItem.minecraft.string":16,"stat.swimOneCm":16924,"stat.jump":371,"stat.pickup.immcraft.rock":2,"stat.pickup.primal.flint_pickaxe":1,"stat.fallOneCm":5912,"stat.pickup.primal.flint_point":2,"stat.pickup.actuallyadditions.block_black_lotus":1,"stat.useItem.horsepower.chopping_block":20,"stat.useItem.minecraft.stone_axe":3,"stat.pickup.minecraft.porkchop":2,"stat.crouchOneCm":383,"stat.pickup.minecraft.spider_eye":1,"stat.pickup.minecraft.dirt":13,"stat.useItem.primal.flint_hatchet":233,"stat.pickup.minecraft.rotten_flesh":22,"stat.pickup.betterwithaddons.wool":4,"stat.pickup.minecraft.sand":3,"stat.useItem.minecraft.sapling":15,"stat.mineBlock.immcraft.rock":2,"stat.pickup.primal.plant_fiber":80,"stat.damageTaken":360,"stat.pickup.primal.flint_knapp":19,"stat.pickup.minecraft.cobblestone":27,"stat.pickup.primal.rush_stems":12,"stat.flyOneCm":60466,"stat.pickup.primal.wolf_head_item":1,"stat.pickup.minecraft.wheat_seeds":1,"stat.mineBlock.minecraft.sand":3,"stat.pickup.minecraft.potato":8,"stat.pickup.minecraft.fish":1,"stat.pickup.primal.flint_workblade":1,"stat.mineBlock.minecraft.gravel":56,"stat.pickup.rustic.slate":2,"stat.useItem.minecraft.stone_pickaxe":21,"stat.mineBlock.primal_tech.work_stump":5,"stat.damageDealt":3164,"stat.pickup.primal.sharp_bone":1,"stat.timeSinceDeath":33730,"stat.craftItem.horsepower.chopping_block":20,"stat.killEntity.Pig":1,"stat.pickup.minecraft.mutton":8,"stat.useItem.minecraft.air":13,"stat.pickup.minecraft.double_plant":2,"stat.useItem.primal.flint_shovel":37,"stat.walkOneCm":99379,"stat.playerKills":1,"stat.pickup.minecraft.stick":41,"stat.useItem.minecraft.potato":8,"stat.mineBlock.actuallyadditions.block_black_lotus":1,"stat.drop.minecraft.rotten_flesh":1,"stat.useItem.minecraft.log":1,"stat.useItem.primal.wolf_meat_raw":9,"stat.useItem.minecraft.gravel":2,"stat.killEntity.piranha":3,"stat.mineBlock.minecraft.double_plant":2,"stat.pickup.primal.armor_wolf_feet":1,"stat.pickup.minecraft.string":5,"stat.pickup.minecraft.log":27,"stat.pickup.primal.pelt_pig":2,"stat.mineBlock.minecraft.grass":2,"stat.pickup.primal.pelt_sheep":4,"stat.pickup.primal.rush_seeds":3,"stat.craftItem.primal_tech.work_stump":2,"stat.pickup.primal.flint_shovel":1,"stat.pickup.minecraft.sapling":17,"stat.sprintOneCm":64621,"stat.pickup.minecraft.apple":2,"stat.pickup.minecraft.bone_block":2,"stat.drop.primal.flint_hatchet":2,"stat.useItem.primal.flint_pickaxe":8,"stat.killEntity.Spider":2,"stat.pickup.minecraft.stone_sword":1,"stat.mobKills":23,"stat.mineBlock.minecraft.log":28,"stat.pickup.progressiontweaks.tomahawk":1,"stat.useItem.progressiontweaks.tomahawk":2,"stat.pickup.primal_tech.work_stump":5,"stat.pickup.primal.plant_cordage":1,"stat.drop":3,"stat.mineBlock.minecraft.leaves":70,"stat.pickup.horsepower.chopping_block":3,"stat.craftItem.primal.flint_hatchet":3,"stat.playOneMinute":33730,"stat.killEntity.Sheep":4,"stat.pickup.minecraft.red_flower":1,"stat.sneakTime":286,"stat.pickup.primal.wolf_meat_raw":9,"stat.mineBlock.minecraft.bone_block":16,"stat.killEntity.Zombie":13,"stat.pickup.primal.animal_fat":2,"stat.mineBlock.minecraft.stone":31,"stat.pickup.rustic.ironberries":1,"stat.mineBlock.minecraft.tallgrass":116,"stat.diveOneCm":6751,"stat.craftItem.primal.plant_cordage":26}