{"stat.pickup.minecraft.bone":41,"stat.pickup.minecraft.wooden_slab":18,"stat.craftItem.primal.bark_oak":12,"stat.mineBlock.minecraft.cobblestone":31,"stat.drop.minecraft.gunpowder":2,"stat.pickup.minecraft.stone_pickaxe":2,"stat.pickup.minecraft.flint":1,"stat.mineBlock.minecraft.yellow_flower":6,"stat.pickup.primal_tech.stone_grill":3,"stat.killEntity.trumpetskeleton.TrumpetSkeleton":2,"stat.mineBlock.horsepower.chopping_block":4,"stat.craftItem.minecraft.string":20,"stat.useItem.minecraft.mutton":5,"stat.swimOneCm":29823,"stat.pickup.primal.flint_point":2,"stat.pickup.minecraft.porkchop":31,"stat.pickup.primal.barrel":1,"stat.useItem.minecraft.dirt":1,"stat.useItem.primal.flint_hatchet":233,"stat.pickup.minecraft.rotten_flesh":42,"stat.pickup.horsepower.hand_grindstone":1,"stat.pickup.primal.armor_wolf_head":2,"stat.pickup.waterstrainer.strainer_base":1,"stat.pickup.minecraft.sand":23,"stat.pickup.primal_tech.fibre_torch_lit":5,"stat.craftItem.minecraft.farmland":1,"stat.pickup.minecraft.cobblestone":49,"stat.mineBlock.minecraft.clay":25,"stat.flyOneCm":382310,"stat.pickup.primal.wolf_head_item":2,"stat.mineBlock.minecraft.sand":8,"stat.pickup.minecraft.fish":2,"stat.drop.minecraft.wheat_seeds":1,"stat.pickup.rustic.slate":2,"stat.useItem.minecraft.cooked_beef":3,"stat.pickup.primal.sharp_bone":3,"stat.pickup.progressiontweaks.spear":3,"stat.useItem.primal_tech.fire_sticks":169,"stat.timeSinceDeath":141730,"stat.pickup.minecraft.mutton":11,"stat.pickup.wopper.wopper":1,"stat.drop.minecraft.cooked_mutton":3,"stat.pickup.horsepower.grindstone":1,"stat.pickup.minecraft.double_plant":2,"stat.useItem.minecraft.potato":14,"stat.pickup.primal.armor_wolf_body":1,"stat.mineBlock.chisel.marble2":4,"stat.useItem.primal.wolf_meat_raw":9,"stat.mineBlock.primal_tech.fibre_torch":2,"stat.useItem.minecraft.cooked_porkchop":5,"stat.useItem.tconstruct.rack":2,"stat.killEntity.Creeper":3,"stat.talkedToVillager":8,"stat.pickup.primal.armor_wolf_feet":2,"stat.pickup.minecraft.string":10,"stat.craftItem.primal.hide_raw":51,"stat.pickup.primal.pelt_pig":18,"stat.mineBlock.minecraft.grass":8,"stat.pickup.minecraft.beef":1,"stat.useItem.minecraft.cooked_mutton":6,"stat.craftItem.primal_tech.work_stump":2,"stat.killEntity.Squid":2,"stat.sprintOneCm":255861,"stat.useItem.rustic.wildberries":6,"stat.pickup.minecraft.bone_block":2,"stat.pickup.primal_tech.wooden_hopper":1,"stat.mineBlock.minecraft.fence":3,"stat.useItem.actuallyadditions.item_coffee_beans":8,"stat.useItem.minecraft.carrot":1,"stat.pickup.progressiontweaks.tomahawk":5,"stat.useItem.progressiontweaks.tomahawk":12,"stat.craftItem.primal_tech.fibre_torch":1,"stat.mineBlock.minecraft.oak_stairs":2,"stat.pickup.primal.plant_cordage":1,"stat.mineBlock.minecraft.planks":35,"stat.drop":16,"stat.pickup.horsepower.chopping_block":4,"stat.craftItem.primal.flint_hatchet":3,"stat.playOneMinute":141730,"stat.pickup.tconstruct.rack":5,"stat.killEntity.Sheep":4,"stat.mineBlock.actuallyadditions.block_wild":4,"stat.pickup.ferdinandsflowers.block_cff_flowers":3,"stat.killEntity.Zombie":38,"stat.pickup.waterstrainer.strainer_survivalist_dense":1,"stat.pickup.primal.animal_fat":4,"stat.pickup.chisel.marble2":4,"stat.mineBlock.minecraft.tallgrass":156,"stat.diveOneCm":39665,"stat.pickup.primal.flint_hatchet":1,"stat.craftItem.primal.plant_cordage":34,"stat.pickup.primal_tech.fibre_torch":2,"stat.pickup.waterstrainer.net":3,"stat.useItem.minecraft.fish":2,"stat.pickup.primal.pelt_wolf":12,"stat.pickup.primal_tech.fluid_bladder":2,"stat.pickup.minecraft.gravel":55,"stat.mineBlock.ferdinandsflowers.block_cff_flowersb":1,"stat.killEntity.salmon":1,"stat.killEntity.owl":1,"stat.pickup.minecraft.stone_axe":2,"stat.useItem.rustic.ironberries":1,"stat.useItem.minecraft.apple":2,"stat.craftItem.minecraft.flint":53,"stat.craftItem.pickletweaks.grass_mesh":1,"stat.useItem.minecraft.porkchop":2,"stat.mineBlock.rustic.slate":2,"stat.useItem.minecraft.rotten_flesh":1,"stat.pickup.minecraft.brick":1,"stat.jump":1874,"stat.useItem.minecraft.sand":4,"stat.pickup.immcraft.rock":5,"stat.pickup.primal.flint_pickaxe":1,"stat.fallOneCm":46051,"stat.pickup.actuallyadditions.block_black_lotus":4,"stat.pickup.progressiontweaks.fire_pit_unlit":2,"stat.useItem.horsepower.chopping_block":20,"stat.pickup.minecraft.carrot":1,"stat.useItem.minecraft.stone_axe":147,"stat.pickup.minecraft.gunpowder":2,"stat.crouchOneCm":788,"stat.pickup.minecraft.spider_eye":1,"stat.useItem.progressiontweaks.spear":6,"stat.pickup.minecraft.dirt":23,"stat.mineBlock.progressiontweaks.fire_pit_unlit":1,"stat.pickup.betterwithaddons.wool":5,"stat.craftItem.primal.hide_tanned":9,"stat.useItem.minecraft.sapling":15,"stat.mineBlock.immcraft.rock":2,"stat.pickup.actuallyadditions.item_coffee_seed":8,"stat.pickup.primal.plant_fiber":112,"stat.craftItem.immcraft.rock":18,"stat.damageTaken":1336,"stat.mineBlock.minecraft.red_flower":4,"stat.pickup.primal.flint_knapp":29,"stat.tradedWithVillager":1,"stat.pickup.primal.rush_stems":12,"stat.pickup.minecraft.dye":5,"stat.pickup.minecraft.planks":80,"stat.pickup.minecraft.reeds":14,"stat.pickup.minecraft.wheat_seeds":3,"stat.pickup.minecraft.potato":15,"stat.pickup.primal.flint_workblade":3,"stat.pickup.minecraft.lead":3,"stat.mineBlock.minecraft.gravel":56,"stat.mineBlock.primal_tech.stone_grill":2,"stat.useItem.minecraft.stone_pickaxe":63,"stat.mineBlock.betterwithmods.wood_table":1,"stat.mineBlock.primal_tech.work_stump":10,"stat.useItem.minecraft.stone_sword":111,"stat.mineBlock.primal_tech.fibre_torch_lit":4,"stat.damageDealt":10993,"stat.pickup.pickletweaks.dye_powder":6,"stat.mineBlock.minecraft.dirt":2,"stat.craftItem.horsepower.chopping_block":22,"stat.drop.primal.plant_fiber":2,"stat.killEntity.Pig":9,"stat.drop.minecraft.reeds":7,"stat.craftItem.primal_tech.rock":1,"stat.useItem.minecraft.air":47,"stat.useItem.primal.flint_shovel":75,"stat.walkOneCm":293811,"stat.mineBlock.ferdinandsflowers.block_cff_flowers":3,"stat.playerKills":1,"stat.pickup.minecraft.stick":79,"stat.mineBlock.actuallyadditions.block_black_lotus":4,"stat.drop.minecraft.rotten_flesh":7,"stat.killEntity.primal:canis_campestris":1,"stat.useItem.minecraft.log":3,"stat.pickup.minecraft.clay_ball":100,"stat.useItem.minecraft.cobblestone":7,"stat.pickup.primal.leather_cordage":3,"stat.useItem.minecraft.gravel":2,"stat.mineBlock.minecraft.double_plant":2,"stat.killEntity.piranha":3,"stat.craftItem.primal.leather_strip":9,"stat.pickup.minecraft.log":41,"stat.pickup.immcraft.chest":3,"stat.pickup.primal.rush_seeds":3,"stat.pickup.primal.pelt_sheep":8,"stat.craftItem.primal_tech.fire_sticks":11,"stat.pickup.minecraft.stone":12,"stat.pickup.minecraft.web":1,"stat.pickup.primal.flint_shovel":2,"stat.pickup.minecraft.sapling":17,"stat.pickup.minecraft.apple":2,"stat.pickup.actuallyadditions.item_coffee_beans":8,"stat.drop.primal.flint_hatchet":2,"stat.useItem.primal.flint_pickaxe":8,"stat.killEntity.Spider":6,"stat.pickup.minecraft.stone_sword":1,"stat.mobKills":69,"stat.pickup.waterstrainer.strainer_survivalist":1,"stat.mineBlock.minecraft.log":40,"stat.mineBlock.primal_tech.clay_kiln":2,"stat.pickup.primal_tech.work_stump":10,"stat.pickup.ferdinandsflowers.block_cff_doublesb":1,"stat.drop.primal.flint_workblade":2,"stat.craftItem.primal.hide_salted":9,"stat.mineBlock.minecraft.leaves":118,"stat.pickup.primal_tech.clay_kiln":1,"stat.pickup.minecraft.red_flower":5,"stat.sneakTime":1329,"stat.pickup.primal.wolf_meat_raw":9,"stat.mineBlock.minecraft.bone_block":16,"stat.drop.minecraft.yellow_flower":1,"stat.pickup.minecraft.yellow_flower":10,"stat.pickup.ferdinandsflowers.block_cff_flowersb":1,"stat.pickup.rustic.ironberries":1,"stat.mineBlock.minecraft.stone":44}