{"stat.pickup.minecraft.bone":14,"stat.pickup.primal.armor_wolf_legs":1,"stat.pickup.primal.pelt_wolf":7,"stat.leaveGame":1,"stat.pickup.minecraft.gravel":2,"stat.mineBlock.minecraft.cobblestone":2,"stat.pickup.minecraft.stone_pickaxe":1,"stat.pickup.minecraft.stone_axe":1,"stat.mineBlock.ferdinandsflowers.block_cff_flowersd":1,"stat.useItem.rustic.ironberries":5,"stat.killEntity.trumpetskeleton.TrumpetSkeleton":1,"stat.craftItem.minecraft.flint":32,"stat.useItem.minecraft.porkchop":1,"stat.craftItem.pickletweaks.grass_mesh":1,"stat.mineBlock.rustic.leaves":54,"stat.mineBlock.horsepower.chopping_block":1,"stat.drop.death_compass.death_compass":1,"stat.swimOneCm":30709,"stat.jump":1227,"stat.pickup.betterwithmods.hemp":2,"stat.pickup.primal.flint_pickaxe":1,"stat.fallOneCm":30157,"stat.pickup.primal.flint_point":1,"stat.useItem.minecraft.stone_axe":5,"stat.pickup.minecraft.porkchop":1,"stat.crouchOneCm":5213,"stat.pickup.minecraft.spider_eye":1,"stat.useItem.progressiontweaks.spear":1,"stat.useItem.primal.flint_hatchet":102,"stat.pickup.minecraft.rotten_flesh":20,"stat.pickup.betterwithaddons.wool":1,"stat.pickup.minecraft.sand":1,"stat.pickup.rustic.log":28,"stat.useItem.primal.horse_meat_raw":4,"stat.pickup.primal.plant_fiber":24,"stat.craftItem.progressiontweaks.tomahawk":1,"stat.useItem.chisel.marble2":2,"stat.damageTaken":575,"stat.mineBlock.minecraft.red_flower":1,"stat.pickup.primal.horse_meat_raw":5,"stat.pickup.primal.flint_knapp":3,"stat.pickup.minecraft.cobblestone":19,"stat.useItem.primal.sharp_bone":58,"stat.drop.betterwithmods.hemp":2,"stat.pickup.minecraft.reeds":11,"stat.pickup.chisel.limestone2":3,"stat.flyOneCm":259054,"stat.pickup.primal.wolf_head_item":6,"stat.pickup.minecraft.wheat_seeds":3,"stat.mineBlock.minecraft.sand":1,"stat.mineBlock.rustic.log":28,"stat.pickup.minecraft.fish":1,"stat.drop.minecraft.wheat_seeds":1,"stat.mineBlock.minecraft.gravel":1,"stat.pickup.rustic.slate":2,"stat.mineBlock.primal_tech.work_stump":2,"stat.damageDealt":4005,"stat.pickup.primal.sharp_bone":1,"stat.pickup.progressiontweaks.spear":1,"stat.useItem.primal_tech.fire_sticks":9,"stat.timeSinceDeath":36365,"stat.craftItem.horsepower.chopping_block":2,"stat.killEntity.Pig":1,"stat.pickup.minecraft.mutton":1,"stat.useItem.minecraft.air":12,"stat.walkOneCm":145828,"stat.mineBlock.ferdinandsflowers.block_cff_dark":1,"stat.pickup.minecraft.stick":29,"stat.useItem.primal.animal_fat":5,"stat.mineBlock.chisel.marble2":1,"stat.useItem.minecraft.cobblestone":1,"stat.useItem.primal.wolf_meat_raw":12,"stat.pickup.rustic.sapling":5,"stat.useItem.rustic.log":9,"stat.pickup.rustic.planks":5,"stat.pickup.primal.armor_wolf_feet":2,"stat.mineBlock.minecraft.grass":2,"stat.pickup.primal.pelt_sheep":1,"stat.craftItem.primal_tech.fire_sticks":7,"stat.craftItem.primal_tech.work_stump":1,"stat.pickup.ferdinandsflowers.block_cff_dark":1,"stat.sprintOneCm":94143,"stat.pickup.actuallyadditions.item_coffee_beans":3,"stat.useItem.primal.flint_pickaxe":25,"stat.drop.primal.flint_hatchet":1,"stat.killEntity.Spider":2,"stat.useItem.actuallyadditions.item_coffee_beans":3,"stat.killEntity.clownfish":1,"stat.mobKills":24,"stat.mineBlock.minecraft.log":1,"stat.useItem.progressiontweaks.tomahawk":3,"stat.pickup.primal_tech.work_stump":2,"stat.deaths":1,"stat.drop":5,"stat.mineBlock.minecraft.leaves":2,"stat.pickup.horsepower.chopping_block":1,"stat.playOneMinute":65908,"stat.killEntity.Sheep":1,"stat.pickup.minecraft.red_flower":1,"stat.sneakTime":1498,"stat.pickup.primal.wolf_meat_raw":22,"stat.mineBlock.actuallyadditions.block_wild":1,"stat.mineBlock.minecraft.bone_block":3,"stat.killEntity.Zombie":16,"stat.pickup.primal.animal_fat":5,"stat.pickup.ferdinandsflowers.block_cff_flowersd":2,"stat.pickup.rustic.ironberries":5,"stat.mineBlock.minecraft.stone":18,"stat.pickup.chisel.marble2":4,"stat.mineBlock.minecraft.tallgrass":33,"stat.pickup.primal.flint_hatchet":4,"stat.diveOneCm":19236,"stat.craftItem.primal.plant_cordage":3}