{"stat.pickup.minecraft.bone":18,"stat.useItem.minecraft.fish":2,"stat.pickup.primal.pelt_wolf":6,"stat.pickup.minecraft.gravel":55,"stat.killEntity.salmon":1,"stat.pickup.minecraft.stone_pickaxe":2,"stat.pickup.minecraft.stone_axe":2,"stat.useItem.rustic.ironberries":1,"stat.pickup.primal_tech.stone_grill":2,"stat.useItem.minecraft.apple":2,"stat.craftItem.minecraft.flint":53,"stat.craftItem.pickletweaks.grass_mesh":1,"stat.useItem.minecraft.porkchop":2,"stat.mineBlock.rustic.slate":2,"stat.useItem.minecraft.rotten_flesh":1,"stat.mineBlock.horsepower.chopping_block":3,"stat.useItem.minecraft.mutton":5,"stat.craftItem.minecraft.string":16,"stat.swimOneCm":23528,"stat.jump":1056,"stat.pickup.immcraft.rock":5,"stat.pickup.primal.flint_pickaxe":1,"stat.fallOneCm":25715,"stat.pickup.primal.flint_point":2,"stat.pickup.actuallyadditions.block_black_lotus":1,"stat.pickup.progressiontweaks.fire_pit_unlit":2,"stat.useItem.horsepower.chopping_block":20,"stat.pickup.minecraft.carrot":1,"stat.useItem.minecraft.stone_axe":62,"stat.pickup.minecraft.porkchop":17,"stat.crouchOneCm":527,"stat.pickup.minecraft.spider_eye":1,"stat.useItem.progressiontweaks.spear":6,"stat.pickup.minecraft.dirt":21,"stat.useItem.primal.flint_hatchet":233,"stat.mineBlock.progressiontweaks.fire_pit_unlit":1,"stat.pickup.minecraft.rotten_flesh":31,"stat.pickup.betterwithaddons.wool":4,"stat.pickup.primal.armor_wolf_head":1,"stat.pickup.minecraft.sand":3,"stat.useItem.minecraft.sapling":15,"stat.mineBlock.immcraft.rock":2,"stat.pickup.actuallyadditions.item_coffee_seed":4,"stat.pickup.primal.plant_fiber":106,"stat.craftItem.immcraft.rock":9,"stat.damageTaken":627,"stat.pickup.primal_tech.fibre_torch_lit":4,"stat.pickup.primal.flint_knapp":19,"stat.pickup.minecraft.cobblestone":28,"stat.pickup.primal.rush_stems":12,"stat.mineBlock.minecraft.clay":25,"stat.pickup.minecraft.reeds":7,"stat.flyOneCm":215849,"stat.pickup.primal.wolf_head_item":1,"stat.pickup.minecraft.wheat_seeds":3,"stat.mineBlock.minecraft.sand":3,"stat.pickup.minecraft.potato":15,"stat.pickup.minecraft.fish":2,"stat.pickup.primal.flint_workblade":1,"stat.drop.minecraft.wheat_seeds":1,"stat.mineBlock.minecraft.gravel":56,"stat.pickup.rustic.slate":2,"stat.mineBlock.primal_tech.stone_grill":1,"stat.useItem.minecraft.stone_pickaxe":41,"stat.mineBlock.primal_tech.work_stump":9,"stat.useItem.minecraft.stone_sword":37,"stat.mineBlock.primal_tech.fibre_torch_lit":4,"stat.damageDealt":6674,"stat.pickup.primal.sharp_bone":2,"stat.pickup.progressiontweaks.spear":2,"stat.useItem.primal_tech.fire_sticks":168,"stat.timeSinceDeath":69730,"stat.craftItem.horsepower.chopping_block":20,"stat.drop.primal.plant_fiber":2,"stat.killEntity.Pig":9,"stat.pickup.minecraft.mutton":10,"stat.useItem.minecraft.air":26,"stat.pickup.minecraft.double_plant":2,"stat.useItem.primal.flint_shovel":63,"stat.walkOneCm":187876,"stat.playerKills":1,"stat.pickup.minecraft.stick":58,"stat.useItem.minecraft.potato":14,"stat.mineBlock.actuallyadditions.block_black_lotus":1,"stat.drop.minecraft.rotten_flesh":1,"stat.mineBlock.chisel.marble2":4,"stat.killEntity.primal:canis_campestris":1,"stat.useItem.minecraft.log":1,"stat.pickup.minecraft.clay_ball":100,"stat.useItem.primal.wolf_meat_raw":9,"stat.useItem.minecraft.gravel":2,"stat.killEntity.piranha":3,"stat.mineBlock.minecraft.double_plant":2,"stat.mineBlock.primal_tech.fibre_torch":2,"stat.pickup.primal.armor_wolf_feet":2,"stat.pickup.minecraft.string":9,"stat.pickup.minecraft.log":27,"stat.pickup.primal.pelt_pig":6,"stat.mineBlock.minecraft.grass":5,"stat.pickup.primal.pelt_sheep":4,"stat.pickup.primal.rush_seeds":3,"stat.useItem.minecraft.cooked_mutton":2,"stat.craftItem.primal_tech.fire_sticks":9,"stat.craftItem.primal_tech.work_stump":2,"stat.pickup.minecraft.stone":12,"stat.pickup.primal.flint_shovel":2,"stat.pickup.minecraft.sapling":17,"stat.sprintOneCm":149041,"stat.useItem.rustic.wildberries":6,"stat.pickup.minecraft.apple":2,"stat.pickup.actuallyadditions.item_coffee_beans":8,"stat.pickup.minecraft.bone_block":2,"stat.drop.primal.flint_hatchet":2,"stat.useItem.primal.flint_pickaxe":8,"stat.killEntity.Spider":5,"stat.pickup.minecraft.stone_sword":1,"stat.useItem.actuallyadditions.item_coffee_beans":8,"stat.useItem.minecraft.carrot":1,"stat.mobKills":48,"stat.mineBlock.minecraft.log":28,"stat.pickup.progressiontweaks.tomahawk":4,"stat.useItem.progressiontweaks.tomahawk":12,"stat.pickup.primal_tech.work_stump":9,"stat.craftItem.primal_tech.fibre_torch":1,"stat.pickup.primal.plant_cordage":1,"stat.drop":6,"stat.mineBlock.minecraft.leaves":118,"stat.pickup.horsepower.chopping_block":3,"stat.craftItem.primal.flint_hatchet":3,"stat.playOneMinute":69730,"stat.killEntity.Sheep":4,"stat.pickup.minecraft.red_flower":1,"stat.sneakTime":629,"stat.pickup.primal.wolf_meat_raw":9,"stat.mineBlock.actuallyadditions.block_wild":3,"stat.mineBlock.minecraft.bone_block":16,"stat.killEntity.Zombie":24,"stat.drop.minecraft.yellow_flower":1,"stat.pickup.primal.animal_fat":2,"stat.pickup.minecraft.yellow_flower":3,"stat.mineBlock.minecraft.stone":44,"stat.pickup.rustic.ironberries":1,"stat.pickup.chisel.marble2":4,"stat.mineBlock.minecraft.tallgrass":147,"stat.diveOneCm":21982,"stat.craftItem.primal.plant_cordage":31,"stat.pickup.primal_tech.fibre_torch":2}