{"stat.pickup.minecraft.bone":57,"stat.pickup.primal.armor_wolf_legs":3,"stat.horseOneCm":1635,"stat.leaveGame":2,"stat.pickup.antiqueatlas.empty_antique_atlas":1,"stat.mineBlock.minecraft.cobblestone":16,"stat.pickup.minecraft.stone_pickaxe":1,"stat.killEntity.trumpetskeleton.TrumpetSkeleton":3,"stat.drop.primal.wolf_head_item":2,"stat.pickup.rustic.mooncap_mushroom":4,"stat.mineBlock.rustic.leaves":54,"stat.mineBlock.horsepower.chopping_block":2,"stat.drop.death_compass.death_compass":1,"stat.swimOneCm":56486,"stat.pickup.rustic.ginseng":2,"stat.pickup.primal.flint_point":1,"stat.useItem.minecraft.planks":14,"stat.drop.minecraft.feather":13,"stat.drop.primal.rush_stems":2,"stat.pickup.minecraft.porkchop":13,"stat.pickup.betterwithaddons.tweakmat":2,"stat.useItem.primal.flint_hatchet":105,"stat.pickup.minecraft.rotten_flesh":60,"stat.pickup.minecraft.sand":1,"stat.useItem.betterwithmods.mystery_meat":2,"stat.useItem.minecraft.egg":3,"stat.useItem.rustic.planks":1,"stat.pickup.minecraft.cobblestone":40,"stat.drop.betterwithmods.hemp":2,"stat.flyOneCm":760988,"stat.pickup.primal.wolf_head_item":8,"stat.mineBlock.minecraft.sand":1,"stat.mineBlock.rustic.log":28,"stat.pickup.minecraft.fish":1,"stat.drop.minecraft.wheat_seeds":1,"stat.pickup.rustic.slate":2,"stat.useItem.minecraft.cooked_beef":3,"stat.pickup.primal.sharp_bone":5,"stat.pickup.progressiontweaks.spear":1,"stat.useItem.primal_tech.fire_sticks":15,"stat.timeSinceDeath":137495,"stat.useItem.minecraft.spawn_egg":2,"stat.pickup.minecraft.mutton":22,"stat.pickup.primal.armor_wolf_body":1,"stat.useItem.primal.animal_fat":5,"stat.mineBlock.chisel.marble2":1,"stat.useItem.primal.wolf_meat_raw":12,"stat.pickup.rustic.sapling":5,"stat.useItem.minecraft.cooked_porkchop":14,"stat.drop.minecraft.beetroot_seeds":4,"stat.useItem.rustic.log":9,"stat.killEntity.Creeper":3,"stat.pickup.rustic.planks":10,"stat.talkedToVillager":12,"stat.pickup.primal.armor_wolf_feet":3,"stat.pickup.minecraft.string":7,"stat.craftItem.minecraft.leather_helmet":1,"stat.mineBlock.minecraft.grass":13,"stat.pickup.primal.pelt_pig":6,"stat.pickup.minecraft.beef":114,"stat.useItem.minecraft.cooked_mutton":3,"stat.craftItem.primal_tech.work_stump":1,"stat.pickup.ferdinandsflowers.block_cff_dark":1,"stat.sprintOneCm":324682,"stat.useItem.primal.flint_workblade":1,"stat.pickup.primal.pelt_cow":42,"stat.killEntity.Horse":1,"stat.useItem.actuallyadditions.item_coffee_beans":3,"stat.useItem.minecraft.beef":2,"stat.useItem.progressiontweaks.tomahawk":7,"stat.pickup.betterwithmods.raw_egg":1,"stat.deaths":1,"stat.mineBlock.minecraft.planks":18,"stat.drop":48,"stat.pickup.horsepower.chopping_block":2,"stat.pickup.minecraft.egg":4,"stat.playOneMinute":167038,"stat.killEntity.Sheep":16,"stat.mineBlock.actuallyadditions.block_wild":2,"stat.pickup.ferdinandsflowers.block_cff_flowers":1,"stat.killEntity.Zombie":36,"stat.pickup.primal.animal_fat":5,"stat.pickup.chisel.marble2":4,"stat.mineBlock.minecraft.tallgrass":137,"stat.pickup.primal.flint_hatchet":4,"stat.diveOneCm":29968,"stat.craftItem.primal.plant_cordage":4,"stat.pickup.minecraft.cooked_mutton":3,"stat.pickup.minecraft.wheat":8,"stat.useItem.betterwithmods.raw_egg":1,"stat.pickup.primal.pelt_wolf":7,"stat.pickup.minecraft.gravel":2,"stat.killEntity.owl":9,"stat.pickup.minecraft.stone_axe":1,"stat.mineBlock.ferdinandsflowers.block_cff_flowersd":1,"stat.useItem.rustic.ironberries":5,"stat.craftItem.minecraft.flint":32,"stat.useItem.minecraft.porkchop":2,"stat.craftItem.pickletweaks.grass_mesh":1,"stat.useItem.rustic.mooncap_mushroom":3,"stat.useItem.minecraft.rotten_flesh":1,"stat.jump":3933,"stat.pickup.betterwithmods.hemp":3,"stat.pickup.primal.flint_pickaxe":1,"stat.pickup.immcraft.rock":10,"stat.fallOneCm":105220,"stat.pickup.chisel.basalt2":2,"stat.drop.minecraft.dye":3,"stat.useItem.minecraft.stone_axe":142,"stat.pickup.minecraft.gunpowder":3,"stat.crouchOneCm":11541,"stat.pickup.minecraft.spider_eye":5,"stat.useItem.progressiontweaks.spear":1,"stat.pickup.minecraft.dirt":26,"stat.pickup.betterwithaddons.wool":14,"stat.pickup.rustic.log":28,"stat.mineBlock.immcraft.rock":1,"stat.pickup.actuallyadditions.item_coffee_seed":1,"stat.useItem.primal.horse_meat_raw":4,"stat.pickup.primal.plant_fiber":124,"stat.craftItem.progressiontweaks.tomahawk":1,"stat.useItem.chisel.marble2":2,"stat.damageTaken":1528,"stat.pickup.minecraft.feather":15,"stat.mineBlock.minecraft.red_flower":2,"stat.pickup.primal.horse_meat_raw":7,"stat.pickup.primal.flint_knapp":11,"stat.tradedWithVillager":2,"stat.pickup.primal.rush_stems":2,"stat.useItem.primal.sharp_bone":108,"stat.pickup.minecraft.dye":3,"stat.pickup.minecraft.planks":16,"stat.pickup.minecraft.reeds":26,"stat.pickup.chisel.limestone2":3,"stat.pickup.minecraft.wheat_seeds":26,"stat.pickup.minecraft.potato":4,"stat.pickup.primal.flint_workblade":1,"stat.mineBlock.minecraft.gravel":1,"stat.useItem.minecraft.stone_pickaxe":48,"stat.mineBlock.primal_tech.work_stump":3,"stat.damageDealt":17998,"stat.killEntity.Cow":56,"stat.mineBlock.minecraft.dirt":13,"stat.craftItem.horsepower.chopping_block":2,"stat.drop.primal.plant_fiber":16,"stat.killEntity.Pig":8,"stat.mineBlock.primal.rush":1,"stat.useItem.minecraft.air":44,"stat.walkOneCm":456530,"stat.mineBlock.ferdinandsflowers.block_cff_flowers":1,"stat.animalsBred":3,"stat.mineBlock.ferdinandsflowers.block_cff_dark":1,"stat.pickup.minecraft.stick":54,"stat.useItem.minecraft.cobblestone":25,"stat.mineBlock.minecraft.double_plant":1,"stat.mineBlock.chisel.basalt2":3,"stat.pickup.minecraft.log":23,"stat.pickup.immcraft.chest":1,"stat.pickup.primal.pelt_sheep":16,"stat.pickup.primal.rush_seeds":1,"stat.craftItem.primal_tech.fire_sticks":13,"stat.pickup.minecraft.chicken":1,"stat.pickup.minecraft.sapling":3,"stat.mineBlock.rustic.mooncap_mushroom":2,"stat.pickup.actuallyadditions.item_coffee_beans":3,"stat.useItem.primal.flint_pickaxe":25,"stat.drop.primal.flint_hatchet":3,"stat.killEntity.Chicken":2,"stat.killEntity.Spider":7,"stat.killEntity.clownfish":1,"stat.mobKills":146,"stat.mineBlock.minecraft.log":24,"stat.mineBlock.primal_tech.clay_kiln":1,"stat.useItem.chisel.basalt2":1,"stat.pickup.primal_tech.work_stump":3,"stat.pickup.emberroot.owl_egg":6,"stat.mineBlock.minecraft.leaves":56,"stat.pickup.primal_tech.clay_kiln":3,"stat.pickup.minecraft.beetroot_seeds":11,"stat.pickup.minecraft.red_flower":1,"stat.useItem.minecraft.beetroot_seeds":2,"stat.sneakTime":3091,"stat.pickup.primal.wolf_meat_raw":22,"stat.mineBlock.minecraft.bone_block":3,"stat.drop.primal.sharp_bone":1,"stat.pickup.minecraft.stone_slab":3,"stat.pickup.ferdinandsflowers.block_cff_flowersd":2,"stat.pickup.rustic.ironberries":5,"stat.mineBlock.minecraft.stone":35}