{
  "triumph:stage0/mat": {
    "criteria": {
      "completedParent": "2025-04-12 22:39:24 +0000"
    },
    "done": false
  },
  "triumph:stage0/workblade": {
    "criteria": {
      "hasRock": "2025-04-12 21:09:10 +0000",
      "completedParent": "2025-04-12 21:00:47 +0000"
    },
    "done": true
  },
  "triumph:stage0/naturescompass": {
    "criteria": {
      "completedParent": "2025-04-12 20:51:09 +0000"
    },
    "done": false
  },
  "triumph:stage0/firstbreak": {
    "criteria": {
      "completedParent": "2025-04-12 20:48:55 +0000",
      "brokeLog1": "2025-04-12 20:44:17 +0000"
    },
    "done": true
  },
  "triumph:stage0/saddle": {
    "criteria": {
      "completedParent": "2025-04-12 22:41:25 +0000"
    },
    "done": false
  },
  "triumph:stage0/chestupgrade": {
    "criteria": {
      "completedParent": "2025-04-12 21:47:12 +0000"
    },
    "done": false
  },
  "triumph:stage0/fluidbladder": {
    "criteria": {
      "hasRock": "2025-04-12 22:19:04 +0000",
      "completedParent": "2025-04-12 20:51:09 +0000"
    },
    "done": true
  },
  "triumph:stage0/spear": {
    "criteria": {
      "hasRock": "2025-04-12 21:12:23 +0000",
      "completedParent": "2025-04-12 20:53:17 +0000"
    },
    "done": true
  },
  "triumph:stage0/horsechopper": {
    "criteria": {
      "completedParent": "2025-04-12 22:41:54 +0000"
    },
    "done": false
  },
  "triumph:stage0/totemic": {
    "criteria": {
      "completedParent": "2025-04-12 22:39:24 +0000"
    },
    "done": false
  },
  "triumph:stage0/flamehopper": {
    "criteria": {
      "completedParent": "2025-04-12 21:58:07 +0000"
    },
    "done": false
  },
  "triumph:stage0/farmland": {
    "criteria": {
      "traded": "2025-04-12 22:22:02 +0000",
      "completedParent": "2025-04-12 21:09:10 +0000"
    },
    "done": true
  },
  "triumph:stage0/woodhopper1": {
    "criteria": {
      "hasRock": "2025-04-12 21:57:51 +0000",
      "completedParent": "2025-04-12 21:47:12 +0000"
    },
    "done": true
  },
  "triumph:stage0/workstump": {
    "criteria": {
      "completedParent": "2025-04-12 20:50:56 +0000",
      "crafted": "2025-04-12 20:51:09 +0000"
    },
    "done": true
  },
  "triumph:stage0/lowgradecharcoal": {
    "criteria": {
      "hasRock": "2025-04-12 22:08:22 +0000",
      "completedParent": "2025-04-12 21:53:21 +0000"
    },
    "done": true
  },
  "triumph:stage0/woodhopper2": {
    "criteria": {
      "hasRock": "2025-04-12 21:58:07 +0000",
      "completedParent": "2025-04-12 21:57:51 +0000"
    },
    "done": true
  },
  "triumph:stage0/lead": {
    "criteria": {
      "hasRock": "2025-04-12 22:41:25 +0000",
      "completedParent": "2025-04-12 22:39:24 +0000"
    },
    "done": true
  },
  "triumph:stage0/leather": {
    "criteria": {
      "hasRock": "2025-04-12 22:39:24 +0000",
      "completedParent": "2025-04-12 22:19:04 +0000"
    },
    "done": true
  },
  "triumph:stage0/firsttool": {
    "criteria": {
      "hasRock": "2025-04-12 20:48:55 +0000",
      "completedParent": "2025-04-12 20:43:50 +0000"
    },
    "done": true
  },
  "triumph:stage0/fish": {
    "criteria": {
      "killed_fish4": "2025-04-12 21:15:57 +0000",
      "completedParent": "2025-04-12 21:12:23 +0000"
    },
    "done": true
  },
  "triumph:stage0/handgrind": {
    "criteria": {
      "hasRock": "2025-04-12 22:06:14 +0000",
      "completedParent": "2025-04-12 20:51:09 +0000"
    },
    "done": true
  },
  "triumph:stage0/weaponize": {
    "criteria": {
      "hasRock": "2025-04-12 20:53:17 +0000",
      "completedParent": "2025-04-12 20:48:55 +0000"
    },
    "done": true
  },
  "triumph:stage0/firepit": {
    "criteria": {
      "hasRock": "2025-04-12 21:22:31 +0000",
      "completedParent": "2025-04-12 21:21:14 +0000"
    },
    "done": true
  },
  "triumph:stage0/fiber": {
    "criteria": {
      "hasRock": "2025-04-12 20:45:23 +0000",
      "completedParent": "2025-04-12 20:43:50 +0000"
    },
    "done": true
  },
  "triumph:stage0/stonetools": {
    "criteria": {
      "hasRock": "2025-04-12 21:05:38 +0000",
      "completedParent": "2025-04-12 21:00:47 +0000"
    },
    "done": true
  },
  "triumph:stage0/flintknapp": {
    "criteria": {
      "hasRock": "2025-04-12 20:48:14 +0000",
      "completedParent": "2025-04-12 20:47:52 +0000"
    },
    "done": true
  },
  "triumph:stage0/waterstrainer": {
    "criteria": {
      "completedParent": "2025-04-12 20:51:09 +0000",
      "hasRock2": "2025-04-12 21:58:39 +0000",
      "hasRock1": "2025-04-12 21:50:54 +0000"
    },
    "done": true
  },
  "triumph:stage0/tipi": {
    "criteria": {
      "completedParent": "2025-04-12 22:39:24 +0000"
    },
    "done": false
  },
  "triumph:stage0/grill": {
    "criteria": {
      "hasRock": "2025-04-12 21:27:20 +0000",
      "completedParent": "2025-04-12 21:22:31 +0000"
    },
    "done": true
  },
  "triumph:stage0/root": {
    "criteria": {
      "location": "2025-04-12 20:43:50 +0000"
    },
    "done": true
  },
  "triumph:stage0/collectplank": {
    "criteria": {
      "completedParent": "2025-04-12 20:48:55 +0000",
      "crafted": "2025-04-12 20:50:56 +0000"
    },
    "done": true
  },
  "triumph:stage0/kiln": {
    "criteria": {
      "hasRock": "2025-04-12 21:53:21 +0000",
      "completedParent": "2025-04-12 20:51:09 +0000"
    },
    "done": true
  },
  "triumph:stage0/firstchest": {
    "criteria": {
      "hasRock": "2025-04-12 21:47:12 +0000",
      "completedParent": "2025-04-12 20:51:09 +0000"
    },
    "done": true
  },
  "triumph:stage0/saltflats": {
    "criteria": {
      "completedParent": "2025-04-12 21:27:20 +0000",
      "hasRock4": "2025-04-12 22:27:07 +0000"
    },
    "done": true
  },
  "triumph:stage0/upgrade": {
    "criteria": {
      "hasRock": "2025-04-12 21:00:47 +0000",
      "completedParent": "2025-04-12 20:48:55 +0000"
    },
    "done": true
  },
  "triumph:stage0/fire": {
    "criteria": {
      "hasRock": "2025-04-12 21:21:14 +0000",
      "completedParent": "2025-04-12 20:48:55 +0000"
    },
    "done": true
  },
  "triumph:stage0/horsepower": {
    "criteria": {
      "hasRock": "2025-04-12 22:41:54 +0000",
      "completedParent": "2025-04-12 22:41:25 +0000"
    },
    "done": true
  },
  "triumph:stage0/tomahawk": {
    "criteria": {
      "hasRock": "2025-04-12 21:11:32 +0000",
      "completedParent": "2025-04-12 20:53:17 +0000"
    },
    "done": true
  },
  "triumph:stage0/woodenbarrel": {
    "criteria": {
      "completedParent": "2025-04-12 22:19:04 +0000",
      "hasRock1": "2025-04-12 22:40:54 +0000"
    },
    "done": true
  },
  "triumph:stage0/mesh": {
    "criteria": {
      "hasRock": "2025-04-12 20:47:52 +0000",
      "completedParent": "2025-04-12 20:45:23 +0000"
    },
    "done": true
  },
  "triumph:stage0/atlas": {
    "criteria": {
      "book1": "2025-04-12 22:55:41 +0000",
      "completedParent": "2025-04-12 21:09:10 +0000"
    },
    "done": true
  }
}